<manifest><control namespace="EasyCrmEQVF0" constructor="EditableQuickViewForm0" version="0.0.33" display-name-key="EditableQuickViewForm0" description-key="EditableQuickViewForm0 description" control-type="standard" api-version="1.2.1"><property name="anyTextAttribute" display-name-key="Any Text Attribute" description-key="Any Text Attribute" of-type-group="typesgroup" usage="bound" required="true" /><property name="lookupAttribute" display-name-key="Lookup Attribute" description-key="Lookup Attribute" of-type="SingleLine.Text" usage="input" required="true" /><property name="quickFormId" display-name-key="Quick Form ID" description-key="Quick Form ID (Guid)" of-type="SingleLine.Text" usage="input" required="true" /><property name="formTitle" display-name-key="Form Title" description-key="(Optional) Form Title" of-type="SingleLine.Text" usage="input" required="false" /><type-group name="typesgroup"><type>SingleLine.Text</type><type>SingleLine.Email</type><type>SingleLine.TextArea</type><type>SingleLine.URL</type><type>SingleLine.Phone</type></type-group><resources><code path="bundle.js" order="1" /><css path="css/EditableQuickViewForm.css" order="1" /><resx path="strings/EditableQuickViewForm.1033.resx" version="1.0.0" /><resx path="strings/EditableQuickViewForm.1036.resx" version="1.0.0" /></resources><feature-usage><uses-feature name="Utility" required="true" /><uses-feature name="WebAPI" required="true" /></feature-usage><built-by name="pac" version="1.2.6" /></control></manifest>